-- Day 17/50

DROP TABLE IF EXISTS customers;
-- Creating the Customers table
CREATE TABLE Customers (
    customer_id INT PRIMARY KEY,
    customer_name VARCHAR(50)
);


DROP TABLE IF EXISTS purchases;
-- Creating the Purchases table
CREATE TABLE Purchases (
    purchase_id INT PRIMARY KEY,
    customer_id INT,
    product_category VARCHAR(50),
    FOREIGN KEY (customer_id) REFERENCES Customers(customer_id)
);

-- Inserting sample data into Customers table
INSERT INTO Customers (customer_id, customer_name) VALUES
    (1, 'Alice'),
    (2, 'Bob'),
    (3, 'Charlie'),
    (4, 'David'),
    (5, 'Emma');

-- Inserting sample data into Purchases table
INSERT INTO Purchases (purchase_id, customer_id, product_category) VALUES
    (101, 1, 'Electronics'),
    (102, 1, 'Books'),
    (103, 1, 'Clothing'),
    (104, 1, 'Electronics'),
    (105, 2, 'Clothing'),
    (106, 1, 'Beauty'),
    (107, 3, 'Electronics'),
    (108, 3, 'Books'),
    (109, 4, 'Books'),
    (110, 4, 'Clothing'),
    (111, 4, 'Beauty'),
    (112, 5, 'Electronics'),
    (113, 5, 'Books');



/*

Question:
Write an SQL query to find customers who have made 
purchases in all product categories.

Your query should return the customer_id and 
customer_name of these customers.

*/

SELECT * FROM customers;
SELECT * FROM purchases;

select  p.customer_id,c.customer_name  from purchases p left join customers c on p.customer_id=c.customer_id
group by p.customer_id
having count(distinct product_category)= (select count(distinct product_category) from purchases);


/*
Task:
Write an SQL query to identify customers who have not made any purchases 
in Electronics categories.
*/

select customer_id,customer_name from customers where customer_id not in (
select customer_id from purchases where product_category ='Electronics');


-- Day 18/50

-- Creating the hotel_bookings table
CREATE TABLE hotel_bookings (
    booking_id SERIAL PRIMARY KEY,
    booking_date DATE,
    hotel_name VARCHAR(100),
    total_guests INT,
    total_nights INT,
    total_price DECIMAL(10, 2)
);

-- Inserting sample data for hotel bookings for 2023 and 2022
INSERT INTO hotel_bookings (booking_date, hotel_name, total_guests, total_nights, total_price) VALUES
    ('2023-01-05', 'Hotel A', 2, 3, 300.00),
    ('2023-02-10', 'Hotel B', 3, 5, 600.00),
    ('2023-03-15', 'Hotel A', 4, 2, 400.00),
    ('2023-04-20', 'Hotel B', 2, 4, 500.00),
    ('2023-05-25', 'Hotel A', 3, 3, 450.00),
    ('2023-06-30', 'Hotel B', 5, 2, 350.00),
    ('2023-07-05', 'Hotel A', 2, 5, 550.00),
    ('2023-08-10', 'Hotel B', 3, 3, 450.00),
    ('2023-09-15', 'Hotel A', 4, 4, 500.00),
    ('2023-10-20', 'Hotel B', 2, 3, 300.00),
    ('2023-11-25', 'Hotel A', 3, 2, 350.00),
    ('2023-12-30', 'Hotel B', 5, 4, 600.00),
    ('2022-01-05', 'Hotel A', 2, 3, 300.00),
    ('2022-02-10', 'Hotel B', 3, 5, 600.00),
    ('2022-03-15', 'Hotel A', 4, 2, 400.00),
    ('2022-04-20', 'Hotel B', 2, 4, 500.00),
    ('2022-05-25', 'Hotel A', 3, 3, 450.00),
    ('2022-06-30', 'Hotel B', 5, 2, 350.00),
    ('2022-07-05', 'Hotel A', 2, 5, 550.00),
    ('2022-08-10', 'Hotel B', 3, 3, 450.00),
    ('2022-09-15', 'Hotel A', 4, 4, 500.00),
    ('2022-10-20', 'Hotel B', 2, 3, 300.00),
    ('2022-11-25', 'Hotel A', 3, 2, 350.00),
    ('2022-12-30', 'Hotel B', 5, 4, 600.00);


/*
-- Write a SQL query to find out each hotel best 
performing months based on revenue 

select * from hotel_bookings;
*/
with cte as (
select *,
dense_rank() over(partition by hotel_name order by total_price desc) as rnk,
extract(month from booking_date) as months,
extract(year from booking_date) as years
from hotel_bookings
)
select  hotel_name,total_price,months,years from cte where rnk=1
order by years asc ,total_price desc;

-- Day 19/50 SQL Challenge

DROP TABLE IF EXISTS employees;
-- Creating the employees table
CREATE TABLE employees (
    employee_id SERIAL PRIMARY KEY,
    employee_name VARCHAR(100),
    department VARCHAR(50),
    salary DECIMAL(10, 2)
);

-- Inserting sample data for employees
INSERT INTO employees (employee_name, department, salary) 
VALUES
    ('John Doe', 'HR', 50000.00),
    ('Jane Smith', 'HR', 55000.00),
    ('Michael Johnson', 'HR', 60000.00),
    ('Emily Davis', 'IT', 60000.00),
    ('David Brown', 'IT', 65000.00),
    ('Sarah Wilson', 'Finance', 70000.00),
    ('Robert Taylor', 'Finance', 75000.00),
    ('Jennifer Martinez', 'Finance', 80000.00);

/*
-- Q.
You have a table with below COLUMNS
emp_id employee_name, department, salary

select * from employees

Find the details of employees whose salary is greater
than the average salary across the entire company.
*/

select employee_id,employee_name from employees 
where salary >=(select avg(salary) from employees);

/* Question:
Find the average salary of employees in each department, 
along with the total number of employees in that department.
*/

select avg(salary) as average_salary,department,count(employee_id) as total_no from employees 
group by department;

-- Day 20/50 Days SQL Challenge


DROP TABLE IF EXISTS products;
CREATE TABLE products (
    product_id INT,
    product_name VARCHAR(100),
    supplier_name VARCHAR(50)
);

INSERT INTO products (product_id, product_name, supplier_name) VALUES
    (1, 'Product 1', 'Supplier A'),
    (1, 'Product 1', 'Supplier B'),
    (3, 'Product 3', 'Supplier A'),
    (3, 'Product 3', 'Supplier A'),
    (5, 'Product 5', 'Supplier A'),
    (5, 'Product 5', 'Supplier B'),
    (7, 'Product 7', 'Supplier C'),
    (8, 'Product 8', 'Supplier A'),
    (7, 'Product 7', 'Supplier B'),
    (7, 'Product 7', 'Supplier A'),
    (9, 'Product 9', 'Supplier B'),
    (9, 'Product 9', 'Supplier C'),
    (10, 'Product 10', 'Supplier C'),
    (11, 'Product 11', 'Supplier C'),
    (10, 'Product 10', 'Supplier A')
    
    ;
select * from products;
/*
-- Write a query to find products that are sold by 
both Supplier A and Supplier B, 
excluding products sold by only one supplier.

*/
select  product_id,product_name from products where supplier_name in ('Supplier A','Supplier B')
group by product_id,product_name having count(distinct supplier_name)=2;


-- Find the product that are selling by Supplier C and Supplier B but not Supplier A

select  product_id,product_name from products where supplier_name in ('Supplier C','Supplier B') and product_id not in (select product_id from products where supplier_name='Supplier A')
group by product_id,product_name having count(distinct supplier_name)=2;

